Rk,Player,Nation,Pos,Squad,Age,Weekly Wages,Annual Wages,Notes,Player-additional
1,Cristiano Ronaldo,pt POR,FW,Manchester Utd,37,£ 515000 (€ 583130 $619550),£ 26780000 (€ 30322734 $32216592),,dea698d9
2,Kevin De Bruyne,be BEL,MF,Manchester City,31,£ 400000 (€ 452916 $481204),£ 20800000 (€ 23551638 $25022596),,e46012d4
3,David de Gea,es ESP,GK,Manchester Utd,31,£ 375000 (€ 424609 $451129),£ 19500000 (€ 22079661 $23458683),,7ba6d84e
4,Erling Haaland,no NOR,FW,Manchester City,22,£ 375000 (€ 424609 $451129),£ 19500000 (€ 22079661 $23458683),,1f44ac21
5,Jadon Sancho,eng ENG,FWMF,Manchester Utd,22,£ 350000 (€ 396302 $421053),£ 18200000 (€ 20607683 $21894771),,dbf053da
6,Mohamed Salah,eg EGY,FW,Liverpool,30,£ 350000 (€ 396302 $421053),£ 18200000 (€ 20607683 $21894771),,e342ad68
7,Raphaël Varane,fr FRA,DF,Manchester Utd,29,£ 340000 (€ 384979 $409023),£ 17680000 (€ 20018893 $21269206),,9f8e9423
8,Raheem Sterling,eng ENG,FWMF,Chelsea,27,£ 325000 (€ 367994 $390978),£ 16900000 (€ 19135706 $20330859),,b400bde0
9,Casemiro,br BRA,MF,Manchester Utd,30,£ 300000 (€ 339687 $360903),£ 15600000 (€ 17663729 $18766947),Unverified estimation,4d224fe8
10,Jack Grealish,eng ENG,FW,Manchester City,26,£ 300000 (€ 339687 $360903),£ 15600000 (€ 17663729 $18766947),,b0b4fd3e
11,Kalidou Koulibaly,sn SEN,DF,Chelsea,31,£ 295000 (€ 334026 $354888),£ 15340000 (€ 17369333 $18454164),,da974c7b
12,N'Golo Kanté,fr FRA,MF,Chelsea,31,£ 290000 (€ 328364 $348873),£ 15080000 (€ 17074938 $18141382),,b9fbae28
13,Gabriel Jesus,br BRA,FW,Arsenal,25,£ 265000 (€ 300057 $318798),£ 13780000 (€ 15602960 $16577470),,b66315ae
14,Anthony Martial,fr FRA,FW,Manchester Utd,26,£ 250000 (€ 283073 $300752),£ 13000000 (€ 14719774 $15639122),,8b788c01
15,João Cancelo,pt POR,DF,Manchester City,28,£ 250000 (€ 283073 $300752),£ 13000000 (€ 14719774 $15639122),,bd6351cd
16,John Stones,eng ENG,DFMF,Manchester City,28,£ 250000 (€ 283073 $300752),£ 13000000 (€ 14719774 $15639122),,5eecec3d
17,Reece James,eng ENG,DFMF,Chelsea,22,£ 250000 (€ 283073 $300752),£ 13000000 (€ 14719774 $15639122),,1265a93a
18,Bruno Fernandes,pt POR,MFFW,Manchester Utd,27,£ 240000 (€ 271750 $288722),£ 12480000 (€ 14130983 $15013557),,507c7bdf
19,Phil Foden,eng ENG,FW,Manchester City,22,£ 225000 (€ 254765 $270677),£ 11700000 (€ 13247797 $14075210),,ed1e53f3
20,Virgil van Dijk,nl NED,DF,Liverpool,31,£ 220000 (€ 249104 $264662),£ 11440000 (€ 12953401 $13762428),,e06683ca
21,Rodri,es ESP,MF,Manchester City,26,£ 220000 (€ 249104 $264662),£ 11440000 (€ 12953401 $13762428),,6434f10d
22,Thomas Partey,gh GHA,MF,Arsenal,29,£ 200000 (€ 226458 $240602),£ 10400000 (€ 11775819 $12511298),,529f49ab
23,Antony,br BRA,FW,Manchester Utd,22,£ 200000 (€ 226458 $240602),£ 10400000 (€ 11775819 $12511298),,99127249
24,Marcus Rashford,eng ENG,FW,Manchester Utd,24,£ 200000 (€ 226458 $240602),£ 10400000 (€ 11775819 $12511298),,a1d5bd30
25,Harry Kane,eng ENG,FW,Tottenham,29,£ 200000 (€ 226458 $240602),£ 10400000 (€ 11775819 $12511298),,21a66f6a
26,Thiago Alcántara,es ESP,MF,Liverpool,31,£ 200000 (€ 226458 $240602),£ 10400000 (€ 11775819 $12511298),,77e84962
27,Wesley Fofana,fr FRA,DF,Chelsea,21,£ 200000 (€ 226458 $240602),£ 10400000 (€ 11775819 $12511298),,132a82f1
28,Jesse Lingard,eng ENG,FWMF,Nott'ham Forest,29,£ 200000 (€ 226458 $240602),£ 10400000 (€ 11775819 $12511298),,810e3c74
29,Harry Maguire,eng ENG,DF,Manchester Utd,29,£ 190000 (€ 215135 $228572),£ 9880000 (€ 11187028 $11885733),,d8931174
30,Son Heung-min,kr KOR,MFFW,Tottenham,30,£ 190000 (€ 215135 $228572),£ 9880000 (€ 11187028 $11885733),,92e7e919
31,Ben Chilwell,eng ENG,DFMF,Chelsea,25,£ 190000 (€ 215135 $228572),£ 9880000 (€ 11187028 $11885733),,d2424d1b
32,Ivan Perišić,hr CRO,DFMF,Tottenham,33,£ 180000 (€ 203812 $216542),£ 9360000 (€ 10598237 $11260168),,6fe90922
33,Fabinho,br BRA,MF,Liverpool,28,£ 180000 (€ 203812 $216542),£ 9360000 (€ 10598237 $11260168),,7f3b388c
34,Roberto Firmino,br BRA,FWMF,Liverpool,30,£ 180000 (€ 203812 $216542),£ 9360000 (€ 10598237 $11260168),,4c370d81
35,Trent Alexander-Arnold,eng ENG,DF,Liverpool,23,£ 180000 (€ 203812 $216542),£ 9360000 (€ 10598237 $11260168),,cd1acf9d
36,Manuel Akanji,ch SUI,DF,Manchester City,27,£ 180000 (€ 203812 $216542),£ 9360000 (€ 10598237 $11260168),,89ac64a6
37,Rúben Dias,pt POR,DF,Manchester City,25,£ 180000 (€ 203812 $216542),£ 9360000 (€ 10598237 $11260168),,31c69ef1
38,César Azpilicueta,es ESP,DF,Chelsea,32,£ 180000 (€ 203812 $216542),£ 9360000 (€ 10598237 $11260168),,53cad200
39,Marc Cucurella,es ESP,DF,Chelsea,24,£ 175000 (€ 198151 $210527),£ 9100000 (€ 10303842 $10947386),,1daec722
40,Cristian Romero,ar ARG,DF,Tottenham,24,£ 165000 (€ 186828 $198497),£ 8580000 (€ 9715051 $10321821),,a3d94a58
41,Lucas Digne,fr FRA,DF,Aston Villa,29,£ 160000 (€ 181166 $192482),£ 8320000 (€ 9420655 $10009038),,1b84dbe1
42,Kyle Walker,eng ENG,DF,Manchester City,32,£ 160000 (€ 181166 $192482),£ 8320000 (€ 9420655 $10009038),,86dd77d1
43,Riyad Mahrez,dz ALG,FWMF,Manchester City,31,£ 160000 (€ 181166 $192482),£ 8320000 (€ 9420655 $10009038),,892d5bb1
44,Pierre-Emerick Aubameyang,ga GAB,FW,Chelsea,33,£ 160000 (€ 181166 $192482),£ 8320000 (€ 9420655 $10009038),,d5dd5f1f
45,Oleksandr Zinchenko,ua UKR,DF,Arsenal,25,£ 150000 (€ 169844 $180451),£ 7800000 (€ 8831864 $9383473),,51cf8561
46,Christian Eriksen,dk DEN,MF,Manchester Utd,30,£ 150000 (€ 169844 $180451),£ 7800000 (€ 8831864 $9383473),,980522ec
47,Luke Shaw,eng ENG,DF,Manchester Utd,27,£ 150000 (€ 169844 $180451),£ 7800000 (€ 8831864 $9383473),,9c94165b
48,Lucas Paquetá,br BRA,MF,West Ham,24,£ 150000 (€ 169844 $180451),£ 7800000 (€ 8831864 $9383473),,9b6f7fd5
49,Alisson,br BRA,GK,Liverpool,29,£ 150000 (€ 169844 $180451),£ 7800000 (€ 8831864 $9383473),,7a2e46a8
50,Boubacar Kamara,fr FRA,MF,Aston Villa,22,£ 150000 (€ 169844 $180451),£ 7800000 (€ 8831864 $9383473),,cc77354e
51,Bernardo Silva,pt POR,MFFW,Manchester City,27,£ 150000 (€ 169844 $180451),£ 7800000 (€ 8831864 $9383473),,3eb22ec9
52,Kalvin Phillips,eng ENG,MF,Manchester City,26,£ 150000 (€ 169844 $180451),£ 7800000 (€ 8831864 $9383473),,4f565d77
53,Christian Pulisic,us USA,FWDF,Chelsea,23,£ 150000 (€ 169844 $180451),£ 7800000 (€ 8831864 $9383473),,1bf33a9a
54,Kai Havertz,de GER,FWMF,Chelsea,23,£ 150000 (€ 169844 $180451),£ 7800000 (€ 8831864 $9383473),,fed7cb61
55,Kepa Arrizabalaga,es ESP,GK,Chelsea,27,£ 150000 (€ 169844 $180451),£ 7800000 (€ 8831864 $9383473),,28d596a0
56,Clément Lenglet,fr FRA,DF,Tottenham,27,£ 145000 (€ 164182 $174436),£ 7540000 (€ 8537469 $9070691),,4f28a6ff
57,Darwin Núñez,uy URU,FW,Liverpool,23,£ 140000 (€ 158521 $168421),£ 7280000 (€ 8243073 $8757908),,4d77b365
58,Diogo Jota,pt POR,FW,Liverpool,25,£ 140000 (€ 158521 $168421),£ 7280000 (€ 8243073 $8757908),,178ae8f8
59,Jordan Henderson,eng ENG,MF,Liverpool,32,£ 140000 (€ 158521 $168421),£ 7280000 (€ 8243073 $8757908),,935e6b8f
60,Jamie Vardy,eng ENG,FW,Leicester City,35,£ 140000 (€ 158521 $168421),£ 7280000 (€ 8243073 $8757908),,45963054
61,İlkay Gündoğan,de GER,MF,Manchester City,31,£ 140000 (€ 158521 $168421),£ 7280000 (€ 8243073 $8757908),,819b3158
62,Wilfried Zaha,ci CIV,FWMF,Crystal Palace,29,£ 130000 (€ 147198 $156391),£ 6760000 (€ 7654282 $8132344),,b2bc3b1f
63,Kurt Zouma,fr FRA,DF,West Ham,27,£ 125000 (€ 141536 $150376),£ 6500000 (€ 7359887 $7819561),,ce4246f5
64,Philippe Coutinho,br BRA,MFFW,Aston Villa,30,£ 125000 (€ 141536 $150376),£ 6500000 (€ 7359887 $7819561),,0ef89a37
65,Ben White,eng ENG,DF,Arsenal,24,£ 120000 (€ 135875 $144361),£ 6240000 (€ 7065491 $7506779),,35e413f1
66,Granit Xhaka,ch SUI,MF,Arsenal,29,£ 120000 (€ 135875 $144361),£ 6240000 (€ 7065491 $7506779),Unverified estimation,e61b8aee
67,Donny van de Beek,nl NED,MF,Manchester Utd,25,£ 120000 (€ 135875 $144361),£ 6240000 (€ 7065491 $7506779),,50dc94ce
68,Fred,br BRA,MF,Manchester Utd,29,£ 120000 (€ 135875 $144361),£ 6240000 (€ 7065491 $7506779),,b853e0ad
69,Lisandro Martínez,ar ARG,DF,Manchester Utd,24,£ 120000 (€ 135875 $144361),£ 6240000 (€ 7065491 $7506779),,bac46a10
70,Victor Lindelöf,se SWE,DF,Manchester Utd,28,£ 120000 (€ 135875 $144361),£ 6240000 (€ 7065491 $7506779),,f5deef4c
71,Alphonse Areola,fr FRA,GK,West Ham,29,£ 120000 (€ 135875 $144361),£ 6240000 (€ 7065491 $7506779),,2f965a72
72,Alex Oxlade-Chamberlain,eng ENG,FWMF,Liverpool,28,£ 120000 (€ 135875 $144361),£ 6240000 (€ 7065491 $7506779),,38c7feef
73,Cody Gakpo,nl NED,FWMF,Liverpool,23,£ 120000 (€ 135875 $144361),£ 6240000 (€ 7065491 $7506779),,1971591f
74,Naby Keïta,gn GUI,MF,Liverpool,27,£ 120000 (€ 135875 $144361),£ 6240000 (€ 7065491 $7506779),,f25c8e3a
75,Danny Ings,eng ENG,FW,Aston Villa,30,£ 120000 (€ 135875 $144361),£ 6240000 (€ 7065491 $7506779),,07802f7f
76,Emiliano Martínez,ar ARG,GK,Aston Villa,29,£ 120000 (€ 135875 $144361),£ 6240000 (€ 7065491 $7506779),,7956236f
77,Alexander Isak,se SWE,FW,Newcastle Utd,22,£ 120000 (€ 135875 $144361),£ 6240000 (€ 7065491 $7506779),,8e92be30
78,Bruno Guimarães,br BRA,MF,Newcastle Utd,24,£ 120000 (€ 135875 $144361),£ 6240000 (€ 7065491 $7506779),,82518f62
79,Aymeric Laporte,es ESP,DF,Manchester City,28,£ 120000 (€ 135875 $144361),£ 6240000 (€ 7065491 $7506779),,119b9a8e
80,Ruben Loftus-Cheek,eng ENG,MFDF,Chelsea,26,£ 120000 (€ 135875 $144361),£ 6240000 (€ 7065491 $7506779),,e97fd090
81,Abdoulaye Doucouré,ml MLI,MF,Everton,29,£ 120000 (€ 135875 $144361),£ 6240000 (€ 7065491 $7506779),,02b29014
82,Alex Iwobi,ng NGA,MFFW,Everton,26,£ 120000 (€ 135875 $144361),£ 6240000 (€ 7065491 $7506779),,6ca5ec4b
83,Yerry Mina,co COL,DF,Everton,27,£ 120000 (€ 135875 $144361),£ 6240000 (€ 7065491 $7506779),,6d5701f2
84,Martin Ødegaard,no NOR,MF,Arsenal,23,£ 115000 (€ 130213 $138346),£ 5980000 (€ 6771096 $7193996),,79300479
85,Kieran Tierney,sct SCO,DF,Arsenal,25,£ 110000 (€ 124552 $132331),£ 5720000 (€ 6476701 $6881214),,fce2302c
86,Dejan Kulusevski,se SWE,MFFW,Tottenham,22,£ 110000 (€ 124552 $132331),£ 5720000 (€ 6476701 $6881214),,df3cda47
87,Arthur Melo,br BRA,,Liverpool,25,£ 110000 (€ 124552 $132331),£ 5720000 (€ 6476701 $6881214),Unverified estimation,48b3dd60
88,James Maddison,eng ENG,MFFW,Leicester City,25,£ 110000 (€ 124552 $132331),£ 5720000 (€ 6476701 $6881214),,ee38d9c5
89,Jorginho,it ITA,MF,Chelsea,30,£ 110000 (€ 124552 $132331),£ 5720000 (€ 6476701 $6881214),,45db685d
90,Thiago Silva,br BRA,DF,Chelsea,37,£ 110000 (€ 124552 $132331),£ 5720000 (€ 6476701 $6881214),,86e7deaf
91,Eddie Nketiah,eng ENG,FW,Arsenal,23,£ 100000 (€ 113229 $120301),£ 5200000 (€ 5887910 $6255649),,a53649b7
92,James Ward-Prowse,eng ENG,MF,Southampton,27,£ 100000 (€ 113229 $120301),£ 5200000 (€ 5887910 $6255649),,3515d404
93,Hugo Lloris,fr FRA,GK,Tottenham,35,£ 100000 (€ 113229 $120301),£ 5200000 (€ 5887910 $6255649),,8f62b6ee
94,Pierre Højbjerg,dk DEN,MF,Tottenham,26,£ 100000 (€ 113229 $120301),£ 5200000 (€ 5887910 $6255649),,8b04d6c1
95,Rodrigo,es ESP,FWMF,Leeds United,31,£ 100000 (€ 113229 $120301),£ 5200000 (€ 5887910 $6255649),,1fb1c435
96,Andrew Robertson,sct SCO,DF,Liverpool,28,£ 100000 (€ 113229 $120301),£ 5200000 (€ 5887910 $6255649),,2e4f5f03
97,Joël Matip,cm CMR,DF,Liverpool,30,£ 100000 (€ 113229 $120301),£ 5200000 (€ 5887910 $6255649),,b217ef29
98,Diego Carlos,br BRA,DF,Aston Villa,29,£ 100000 (€ 113229 $120301),£ 5200000 (€ 5887910 $6255649),,b4a014b1
99,Leon Bailey,jm JAM,FWMF,Aston Villa,24,£ 100000 (€ 113229 $120301),£ 5200000 (€ 5887910 $6255649),,3a233281
100,João Moutinho,pt POR,MF,Wolves,35,£ 100000 (€ 113229 $120301),£ 5200000 (€ 5887910 $6255649),,f5a00fa4
101,Raúl Jiménez,mx MEX,FW,Wolves,31,£ 100000 (€ 113229 $120301),£ 5200000 (€ 5887910 $6255649),,b561db50
102,Jonny Evans,nir NIR,DF,Leicester City,34,£ 100000 (€ 113229 $120301),£ 5200000 (€ 5887910 $6255649),,f8fcd2a5
103,Kieran Trippier,eng ENG,DF,Newcastle Utd,31,£ 100000 (€ 113229 $120301),£ 5200000 (€ 5887910 $6255649),,21512407
104,Matt Targett,eng ENG,DF,Newcastle Utd,26,£ 100000 (€ 113229 $120301),£ 5200000 (€ 5887910 $6255649),,e514ab62
105,Ederson,br BRA,GK,Manchester City,28,£ 100000 (€ 113229 $120301),£ 5200000 (€ 5887910 $6255649),,3bb7b8b4
106,Carney Chukwuemeka,eng ENG,MFFW,Chelsea,18,£ 100000 (€ 113229 $120301),£ 5200000 (€ 5887910 $6255649),,b2f9c73e
107,Hakim Ziyech,ma MAR,FWMF,Chelsea,29,£ 100000 (€ 113229 $120301),£ 5200000 (€ 5887910 $6255649),,6622454d
108,Mateo Kovačić,hr CRO,MF,Chelsea,28,£ 100000 (€ 113229 $120301),£ 5200000 (€ 5887910 $6255649),,79c0821a
109,Amadou Onana,be BEL,MF,Everton,20,£ 100000 (€ 113229 $120301),£ 5200000 (€ 5887910 $6255649),,828657ff
110,Dominic Calvert-Lewin,eng ENG,FW,Everton,25,£ 100000 (€ 113229 $120301),£ 5200000 (€ 5887910 $6255649),,59e6e5bf
111,James Tarkowski,eng ENG,DF,Everton,29,£ 100000 (€ 113229 $120301),£ 5200000 (€ 5887910 $6255649),,15ea812b
112,Jordan Pickford,eng ENG,GK,Everton,28,£ 100000 (€ 113229 $120301),£ 5200000 (€ 5887910 $6255649),,4806ec67
113,Dean Henderson,eng ENG,GK,Nott'ham Forest,25,£ 100000 (€ 113229 $120301),£ 5200000 (€ 5887910 $6255649),,e5a76dfe
114,Emerson Palmieri,it ITA,DF,West Ham,27,£ 95000 (€ 107568 $114286),£ 4940000 (€ 5593514 $5942866),,e0bc6fdc
115,Martinelli,br BRA,FW,Arsenal,21,£ 90000 (€ 101906 $108271),£ 4680000 (€ 5299119 $5630084),,48a5a5d6
116,Aaron Wan-Bissaka,eng ENG,DF,Manchester Utd,24,£ 90000 (€ 101906 $108271),£ 4680000 (€ 5299119 $5630084),,9e525177
117,Lucas Moura,br BRA,MFDF,Tottenham,29,£ 90000 (€ 101906 $108271),£ 4680000 (€ 5299119 $5630084),,2b622f01
118,Richarlison,br BRA,MFFW,Tottenham,25,£ 90000 (€ 101906 $108271),£ 4680000 (€ 5299119 $5630084),,fa031b34
119,Odsonne Édouard,fr FRA,FW,Crystal Palace,24,£ 90000 (€ 101906 $108271),£ 4680000 (€ 5299119 $5630084),Unverified estimation,0562b7f1
120,Gianluca Scamacca,it ITA,FW,West Ham,23,£ 90000 (€ 101906 $108271),£ 4680000 (€ 5299119 $5630084),,8790f988
121,Leander Dendoncker,be BEL,MF,Aston Villa,27,£ 90000 (€ 101906 $108271),£ 4680000 (€ 5299119 $5630084),Unverified estimation,5a7301ae
122,Gonçalo Guedes,pt POR,FWMF,Wolves,25,£ 90000 (€ 101906 $108271),£ 4680000 (€ 5299119 $5630084),Unverified estimation,e6bc67d7
123,Sven Botman,nl NED,DF,Newcastle Utd,22,£ 90000 (€ 101906 $108271),£ 4680000 (€ 5299119 $5630084),,ccce7025
124,Benjamin Mendy,fr FRA,LB,Manchester City,28,£ 90000 (€ 101906 $108271),£ 4680000 (€ 5299119 $5630084),,5271c8f1
125,Nathan Aké,nl NED,DF,Manchester City,27,£ 90000 (€ 101906 $108271),£ 4680000 (€ 5299119 $5630084),,eaeca114
126,Denis Zakaria,ch SUI,MF,Chelsea,25,£ 90000 (€ 101906 $108271),£ 4680000 (€ 5299119 $5630084),,384d58d9
127,Adam Lallana,eng ENG,MFFW,Brighton,34,£ 90000 (€ 101906 $108271),£ 4680000 (€ 5299119 $5630084),,99813635
128,Bernd Leno,de GER,GK,Fulham,30,£ 90000 (€ 101906 $108271),£ 4680000 (€ 5299119 $5630084),,2628fd2b
129,Layvin Kurzawa,fr FRA,DF,Fulham,29,£ 90000 (€ 101906 $108271),£ 4680000 (€ 5299119 $5630084),Unverified estimation,41e7ef1c
130,Eric Dier,eng ENG,DF,Tottenham,28,£ 85000 (€ 96245 $102256),£ 4420000 (€ 5004723 $5317302),,ac861941
131,Michail Antonio,jm JAM,FW,West Ham,32,£ 85000 (€ 96245 $102256),£ 4420000 (€ 5004723 $5317302),,ac05f970
132,Joe Gomez,eng ENG,DF,Liverpool,25,£ 85000 (€ 96245 $102256),£ 4420000 (€ 5004723 $5317302),Unverified estimation,7a11550b
133,Matheus Nunes,pt POR,MF,Wolves,23,£ 85000 (€ 96245 $102256),£ 4420000 (€ 5004723 $5317302),,e6af02e0
134,Joelinton,br BRA,MFFW,Newcastle Utd,25,£ 85000 (€ 96245 $102256),£ 4420000 (€ 5004723 $5317302),,c17bfb65
135,Ben Davies,wls WAL,DF,Tottenham,29,£ 80000 (€ 90583 $96241),£ 4160000 (€ 4710328 $5004519),Unverified estimation,44781702
136,Joachim Andersen,dk DEN,DF,Crystal Palace,26,£ 80000 (€ 90583 $96241),£ 4160000 (€ 4710328 $5004519),Unverified estimation,e34fc66d
137,Nathaniel Clyne,eng ENG,DF,Crystal Palace,31,£ 80000 (€ 90583 $96241),£ 4160000 (€ 4710328 $5004519),,0442183b
138,Thilo Kehrer,de GER,DF,West Ham,25,£ 80000 (€ 90583 $96241),£ 4160000 (€ 4710328 $5004519),,51dbeea9
139,Matty Cash,pl POL,DF,Aston Villa,24,£ 80000 (€ 90583 $96241),£ 4160000 (€ 4710328 $5004519),Unverified estimation,2389cdc2
140,Tyrone Mings,eng ENG,DF,Aston Villa,29,£ 80000 (€ 90583 $96241),£ 4160000 (€ 4710328 $5004519),,8397a50c
141,Nélson Semedo,pt POR,DF,Wolves,28,£ 80000 (€ 90583 $96241),£ 4160000 (€ 4710328 $5004519),,d04b94db
142,Boubakary Soumaré,fr FRA,MF,Leicester City,23,£ 80000 (€ 90583 $96241),£ 4160000 (€ 4710328 $5004519),,ae59b359
143,Kelechi Iheanacho,ng NGA,FWMF,Leicester City,25,£ 80000 (€ 90583 $96241),£ 4160000 (€ 4710328 $5004519),,c92e1a31
144,Ricardo Pereira,pt POR,DFMF,Leicester City,28,£ 80000 (€ 90583 $96241),£ 4160000 (€ 4710328 $5004519),,75a72a99
145,Ryan Bertrand,eng ENG,LB,Leicester City,33,£ 80000 (€ 90583 $96241),£ 4160000 (€ 4710328 $5004519),,01226327
146,Chris Wood,nz NZL,FW,Newcastle Utd,30,£ 80000 (€ 90583 $96241),£ 4160000 (€ 4710328 $5004519),Unverified estimation,4e9a0555
147,Joe Willock,eng ENG,MF,Newcastle Utd,22,£ 80000 (€ 90583 $96241),£ 4160000 (€ 4710328 $5004519),Unverified estimation,a3b03921
148,Mason Mount,eng ENG,MFFW,Chelsea,23,£ 80000 (€ 90583 $96241),£ 4160000 (€ 4710328 $5004519),,9674002f
149,Idrissa Gana Gueye,sn SEN,MF,Everton,32,£ 80000 (€ 90583 $96241),£ 4160000 (€ 4710328 $5004519),Unverified estimation,72c812f3
150,Michael Keane,eng ENG,DF,Everton,29,£ 80000 (€ 90583 $96241),£ 4160000 (€ 4710328 $5004519),Unverified estimation,c5b7c315
151,Salomón Rondón,ve VEN,FW,Everton,32,£ 80000 (€ 90583 $96241),£ 4160000 (€ 4710328 $5004519),Unverified estimation,b318a643
152,Morgan Gibbs-White,eng ENG,MFFW,Nott'ham Forest,22,£ 80000 (€ 90583 $96241),£ 4160000 (€ 4710328 $5004519),Unverified estimation,32f60ed8
153,Aleksandar Mitrović,rs SRB,FW,Fulham,27,£ 80000 (€ 90583 $96241),£ 4160000 (€ 4710328 $5004519),,3925dbd6
154,Cédric Soares,pt POR,DF,Arsenal,30,£ 75000 (€ 84922 $90226),£ 3900000 (€ 4415932 $4691737),,839c14e1
155,Phil Jones,eng ENG,CB,Manchester Utd,30,£ 75000 (€ 84922 $90226),£ 3900000 (€ 4415932 $4691737),,def899bd
156,Tyrell Malacia,nl NED,DF,Manchester Utd,22,£ 75000 (€ 84922 $90226),£ 3900000 (€ 4415932 $4691737),Unverified estimation,6b6c793c
157,Theo Walcott,eng ENG,FWMF,Southampton,33,£ 75000 (€ 84922 $90226),£ 3900000 (€ 4415932 $4691737),,1ecb65be
158,Fraser Forster,eng ENG,GK,Tottenham,34,£ 75000 (€ 84922 $90226),£ 3900000 (€ 4415932 $4691737),Unverified estimation,c3e39f12
159,Rodrigo Bentancur,uy URU,MF,Tottenham,25,£ 75000 (€ 84922 $90226),£ 3900000 (€ 4415932 $4691737),Unverified estimation,3b8674e6
160,Luka Milivojević,rs SRB,MF,Crystal Palace,31,£ 75000 (€ 84922 $90226),£ 3900000 (€ 4415932 $4691737),Unverified estimation,2ce2508a
161,Vicente Guaita,es ESP,GK,Crystal Palace,35,£ 75000 (€ 84922 $90226),£ 3900000 (€ 4415932 $4691737),,ab13a5aa
162,Douglas Luiz,br BRA,MF,Aston Villa,24,£ 75000 (€ 84922 $90226),£ 3900000 (€ 4415932 $4691737),Unverified estimation,6f7d826d
163,Emi Buendía,ar ARG,MFFW,Aston Villa,25,£ 75000 (€ 84922 $90226),£ 3900000 (€ 4415932 $4691737),,66b76d44
164,Ollie Watkins,eng ENG,FW,Aston Villa,26,£ 75000 (€ 84922 $90226),£ 3900000 (€ 4415932 $4691737),,aed3a70f
165,Dennis Praet,be BEL,MFFW,Leicester City,28,£ 75000 (€ 84922 $90226),£ 3900000 (€ 4415932 $4691737),,86695068
166,Patson Daka,zm ZAM,FW,Leicester City,23,£ 75000 (€ 84922 $90226),£ 3900000 (€ 4415932 $4691737),Unverified estimation,ca45605e
167,Wilfred Ndidi,ng NGA,MF,Leicester City,25,£ 75000 (€ 84922 $90226),£ 3900000 (€ 4415932 $4691737),,6b47c5db
168,Lewis Dunk,eng ENG,DF,Brighton,30,£ 75000 (€ 84922 $90226),£ 3900000 (€ 4415932 $4691737),Unverified estimation,282f75f3
169,Ben Godfrey,eng ENG,DF,Everton,24,£ 75000 (€ 84922 $90226),£ 3900000 (€ 4415932 $4691737),,9f7c837d
170,Bukayo Saka,eng ENG,FW,Arsenal,20,£ 70000 (€ 79260 $84211),£ 3640000 (€ 4121537 $4378954),,bc7dc64d
171,Joe Aribo,ng NGA,MFFW,Southampton,26,£ 70000 (€ 79260 $84211),£ 3640000 (€ 4121537 $4378954),,328f7d51
172,Patrick Bamford,eng ENG,FW,Leeds United,28,£ 70000 (€ 79260 $84211),£ 3640000 (€ 4121537 $4378954),Unverified estimation,93feac6e
173,Angelo Ogbonna,it ITA,DF,West Ham,34,£ 70000 (€ 79260 $84211),£ 3640000 (€ 4121537 $4378954),,74b2cd7e
174,Manuel Lanzini,ar ARG,MFFW,West Ham,29,£ 70000 (€ 79260 $84211),£ 3640000 (€ 4121537 $4378954),,26f6dca8
175,Ibrahima Konaté,fr FRA,DF,Liverpool,23,£ 70000 (€ 79260 $84211),£ 3640000 (€ 4121537 $4378954),,5ed9b537
176,Jacob Ramsey,eng ENG,MFFW,Aston Villa,21,£ 70000 (€ 79260 $84211),£ 3640000 (€ 4121537 $4378954),,1544f145
177,Jannik Vestergaard,dk DEN,CB,Leicester City,29,£ 70000 (€ 79260 $84211),£ 3640000 (€ 4121537 $4378954),Unverified estimation,1900032e
178,Allan Saint-Maximin,fr FRA,FW,Newcastle Utd,25,£ 70000 (€ 79260 $84211),£ 3640000 (€ 4121537 $4378954),,2b16cb1a
179,Jonjo Shelvey,eng ENG,MF,Newcastle Utd,30,£ 70000 (€ 79260 $84211),£ 3640000 (€ 4121537 $4378954),,3727dd3c
180,Mason Holgate,eng ENG,DF,Everton,25,£ 70000 (€ 79260 $84211),£ 3640000 (€ 4121537 $4378954),,d0042ab9
181,Issa Diop,fr FRA,DF,Fulham,25,£ 70000 (€ 79260 $84211),£ 3640000 (€ 4121537 $4378954),Unverified estimation,a712ca2b
182,Brandon Williams,eng ENG,LB,Manchester Utd,21,£ 65000 (€ 73599 $78196),£ 3380000 (€ 3827141 $4066172),,5e74d6c8
183,Moussa Djenepo,ml MLI,DFFW,Southampton,24,£ 65000 (€ 73599 $78196),£ 3380000 (€ 3827141 $4066172),Unverified estimation,254147d4
184,Stuart Armstrong,sct SCO,MFFW,Southampton,30,£ 65000 (€ 73599 $78196),£ 3380000 (€ 3827141 $4066172),Unverified estimation,97333cf5
185,Davinson Sánchez,co COL,DF,Tottenham,26,£ 65000 (€ 73599 $78196),£ 3380000 (€ 3827141 $4066172),,da7b447d
186,Matt Doherty,ie IRL,DFMF,Tottenham,30,£ 65000 (€ 73599 $78196),£ 3380000 (€ 3827141 $4066172),,d557d734
187,Luis Sinisterra,co COL,FW,Leeds United,23,£ 65000 (€ 73599 $78196),£ 3380000 (€ 3827141 $4066172),Unverified estimation,8e16dd48
188,Łukasz Fabiański,pl POL,GK,West Ham,37,£ 65000 (€ 73599 $78196),£ 3380000 (€ 3827141 $4066172),,9328b835
189,Maxwel Cornet,ci CIV,FW,West Ham,25,£ 65000 (€ 73599 $78196),£ 3380000 (€ 3827141 $4066172),Unverified estimation,beb391dd
190,Pablo Fornals,es ESP,FWMF,West Ham,26,£ 65000 (€ 73599 $78196),£ 3380000 (€ 3827141 $4066172),,82927de4
191,Tomáš Souček,cz CZE,MF,West Ham,27,£ 65000 (€ 73599 $78196),£ 3380000 (€ 3827141 $4066172),,6613c819
192,Nathaniel Phillips,eng ENG,DF,Liverpool,25,£ 65000 (€ 73599 $78196),£ 3380000 (€ 3827141 $4066172),,515ebe8d
193,Timothy Castagne,be BEL,DF,Leicester City,26,£ 65000 (€ 73599 $78196),£ 3380000 (€ 3827141 $4066172),,197640fd
194,Aaron Ramsdale,eng ENG,GK,Arsenal,24,£ 60000 (€ 67937 $72181),£ 3120000 (€ 3532746 $3753389),,466fb2c5
195,Scott McTominay,sct SCO,MF,Manchester Utd,25,£ 60000 (€ 67937 $72181),£ 3120000 (€ 3532746 $3753389),,d93c2511
196,Mohamed Elyounoussi,no NOR,MFFW,Southampton,27,£ 60000 (€ 67937 $72181),£ 3120000 (€ 3532746 $3753389),,68dc0dac
197,Cheick Doucouré,ml MLI,MF,Crystal Palace,22,£ 60000 (€ 67937 $72181),£ 3120000 (€ 3532746 $3753389),Unverified estimation,ce4f40c7
198,Junior Firpo,es ESP,DF,Leeds United,25,£ 60000 (€ 67937 $72181),£ 3120000 (€ 3532746 $3753389),Unverified estimation,24f59bb2
199,Declan Rice,eng ENG,MF,West Ham,23,£ 60000 (€ 67937 $72181),£ 3120000 (€ 3532746 $3753389),,1c7012b8
200,Jarrod Bowen,eng ENG,FWMF,West Ham,25,£ 60000 (€ 67937 $72181),£ 3120000 (€ 3532746 $3753389),,79c84d1c
201,Adrián,es ESP,GK,Liverpool,35,£ 60000 (€ 67937 $72181),£ 3120000 (€ 3532746 $3753389),Unverified estimation,f76e6b4e
202,James Milner,eng ENG,MFDF,Liverpool,36,£ 60000 (€ 67937 $72181),£ 3120000 (€ 3532746 $3753389),Unverified estimation,2f90f6b8
203,Jan Bednarek,pl POL,DF,Aston Villa,26,£ 60000 (€ 67937 $72181),£ 3120000 (€ 3532746 $3753389),,4115ce4e
204,Daniel Podence,pt POR,FWMF,Wolves,26,£ 60000 (€ 67937 $72181),£ 3120000 (€ 3532746 $3753389),,7fcc71d8
205,Nick Pope,eng ENG,GK,Newcastle Utd,30,£ 60000 (€ 67937 $72181),£ 3120000 (€ 3532746 $3753389),,4b40d9ca
206,Pascal Groß,de GER,MFDF,Brighton,31,£ 60000 (€ 67937 $72181),£ 3120000 (€ 3532746 $3753389),Unverified estimation,8aec0537
207,Renan Lodi,br BRA,DF,Nott'ham Forest,24,£ 60000 (€ 67937 $72181),£ 3120000 (€ 3532746 $3753389),,ed9f7cfe
208,Vitaliy Mykolenko,ua UKR,DF,Everton,23,£ 58000 (€ 65673 $69775),£ 3016000 (€ 3414988 $3628276),,30d4a2e5
209,Mohamed Elneny,eg EGY,MF,Arsenal,30,£ 55000 (€ 62276 $66166),£ 2860000 (€ 3238350 $3440607),,47a34c4f
210,Takehiro Tomiyasu,jp JPN,DF,Arsenal,23,£ 55000 (€ 62276 $66166),£ 2860000 (€ 3238350 $3440607),,b3af9be1
211,Adam Armstrong,eng ENG,FWMF,Southampton,25,£ 55000 (€ 62276 $66166),£ 2860000 (€ 3238350 $3440607),Unverified estimation,68c720b5
212,Ibrahima Diallo,fr FRA,MF,Southampton,23,£ 55000 (€ 62276 $66166),£ 2860000 (€ 3238350 $3440607),,11ff3d56
213,Ryan Sessegnon,eng ENG,DF,Tottenham,22,£ 55000 (€ 62276 $66166),£ 2860000 (€ 3238350 $3440607),,6aa3e78b
214,Yves Bissouma,ml MLI,MF,Tottenham,25,£ 55000 (€ 62276 $66166),£ 2860000 (€ 3238350 $3440607),Unverified estimation,6c203af0
215,Chris Richards,us USA,DF,Crystal Palace,22,£ 55000 (€ 62276 $66166),£ 2860000 (€ 3238350 $3440607),Unverified estimation,0a3d6d2b
216,Jaïro Riedewald,nl NED,DFMF,Crystal Palace,25,£ 55000 (€ 62276 $66166),£ 2860000 (€ 3238350 $3440607),,7a1f2c08
217,James McArthur,sct SCO,MF,Crystal Palace,34,£ 55000 (€ 62276 $66166),£ 2860000 (€ 3238350 $3440607),,cee31595
218,Jefferson Lerma,co COL,MF,Bournemouth,27,£ 55000 (€ 62276 $66166),£ 2860000 (€ 3238350 $3440607),,9b5ce51a
219,Tyler Adams,us USA,MF,Leeds United,23,£ 55000 (€ 62276 $66166),£ 2860000 (€ 3238350 $3440607),Unverified estimation,2b09d998
220,Saïd Benrahma,dz ALG,FWMF,West Ham,26,£ 55000 (€ 62276 $66166),£ 2860000 (€ 3238350 $3440607),,5a04fd92
221,Luis Díaz,co COL,FW,Liverpool,25,£ 55000 (€ 62276 $66166),£ 2860000 (€ 3238350 $3440607),,4a1a9578
222,John McGinn,sct SCO,MFFW,Aston Villa,27,£ 55000 (€ 62276 $66166),£ 2860000 (€ 3238350 $3440607),,90f91999
223,Adama Traoré,es ESP,FWMF,Wolves,26,£ 55000 (€ 62276 $66166),£ 2860000 (€ 3238350 $3440607),,9a28eba4
224,Nampalys Mendy,sn SEN,MF,Leicester City,30,£ 55000 (€ 62276 $66166),£ 2860000 (€ 3238350 $3440607),,1598599e
225,Emil Krafth,se SWE,DF,Newcastle Utd,27,£ 55000 (€ 62276 $66166),£ 2860000 (€ 3238350 $3440607),,77cf6852
226,Stefan Ortega,de GER,GK,Manchester City,29,£ 55000 (€ 62276 $66166),£ 2860000 (€ 3238350 $3440607),,c1242d4e
227,Ben Mee,eng ENG,DF,Brentford,32,£ 55000 (€ 62276 $66166),£ 2860000 (€ 3238350 $3440607),Unverified estimation,8df7a2fb
228,Edouard Mendy,sn SEN,GK,Chelsea,30,£ 55000 (€ 62276 $66166),£ 2860000 (€ 3238350 $3440607),,33887998
229,Adam Webster,eng ENG,DF,Brighton,27,£ 55000 (€ 62276 $66166),£ 2860000 (€ 3238350 $3440607),Unverified estimation,c40b6180
230,Danny Welbeck,eng ENG,FW,Brighton,31,£ 55000 (€ 62276 $66166),£ 2860000 (€ 3238350 $3440607),,ce5143da
231,Conor Coady,eng ENG,DF,Everton,29,£ 55000 (€ 62276 $66166),£ 2860000 (€ 3238350 $3440607),,2928dca2
232,Séamus Coleman,ie IRL,DF,Everton,33,£ 55000 (€ 62276 $66166),£ 2860000 (€ 3238350 $3440607),Unverified estimation,0420d84f
233,Albert Sambi Lokonga,be BEL,MF,Arsenal,22,£ 50000 (€ 56615 $60150),£ 2600000 (€ 2943955 $3127824),,1b4f1169
234,Gabriel Dos Santos,br BRA,DF,Arsenal,24,£ 50000 (€ 56615 $60150),£ 2600000 (€ 2943955 $3127824),,67ac5bb8
235,Axel Tuanzebe,eng ENG,CB,Manchester Utd,24,£ 50000 (€ 56615 $60150),£ 2600000 (€ 2943955 $3127824),,2baec6ce
236,Alex McCarthy,eng ENG,GK,Southampton,32,£ 50000 (€ 56615 $60150),£ 2600000 (€ 2943955 $3127824),,36c2ca73
237,James Tomkins,eng ENG,DF,Crystal Palace,33,£ 50000 (€ 56615 $60150),£ 2600000 (€ 2943955 $3127824),,e7ca0439
238,Jean-Philippe Mateta,fr FRA,FW,Crystal Palace,25,£ 50000 (€ 56615 $60150),£ 2600000 (€ 2943955 $3127824),,50e6dc35
239,Jeffrey Schlupp,gh GHA,MFFW,Crystal Palace,29,£ 50000 (€ 56615 $60150),£ 2600000 (€ 2943955 $3127824),,3312f911
240,Marc Guéhi,eng ENG,DF,Crystal Palace,22,£ 50000 (€ 56615 $60150),£ 2600000 (€ 2943955 $3127824),Unverified estimation,d0706b27
241,David Brooks,wls WAL,FWMF,Bournemouth,25,£ 50000 (€ 56615 $60150),£ 2600000 (€ 2943955 $3127824),,dc4cae05
242,Dominic Solanke,eng ENG,FWMF,Bournemouth,24,£ 50000 (€ 56615 $60150),£ 2600000 (€ 2943955 $3127824),,e77dc3b2
243,Marcos Senesi,ar ARG,DF,Bournemouth,25,£ 50000 (€ 56615 $60150),£ 2600000 (€ 2943955 $3127824),Unverified estimation,35141f4c
244,Neto,br BRA,GK,Bournemouth,33,£ 50000 (€ 56615 $60150),£ 2600000 (€ 2943955 $3127824),Unverified estimation,a9dc785c
245,Jack Harrison,eng ENG,FWMF,Leeds United,25,£ 50000 (€ 56615 $60150),£ 2600000 (€ 2943955 $3127824),Unverified estimation,aa849a12
246,Marc Roca,es ESP,MF,Leeds United,25,£ 50000 (€ 56615 $60150),£ 2600000 (€ 2943955 $3127824),Unverified estimation,da27e268
247,Pascal Struijk,nl NED,DF,Leeds United,22,£ 50000 (€ 56615 $60150),£ 2600000 (€ 2943955 $3127824),Unverified estimation,f4d296e4
248,Aaron Cresswell,eng ENG,DF,West Ham,32,£ 50000 (€ 56615 $60150),£ 2600000 (€ 2943955 $3127824),,4f974391
249,Nayef Aguerd,ma MAR,DF,West Ham,26,£ 50000 (€ 56615 $60150),£ 2600000 (€ 2943955 $3127824),Unverified estimation,288e1e13
250,Kostas Tsimikas,gr GRE,DF,Liverpool,26,£ 50000 (€ 56615 $60150),£ 2600000 (€ 2943955 $3127824),,f315ca93
251,Ashley Young,eng ENG,DF,Aston Villa,37,£ 50000 (€ 56615 $60150),£ 2600000 (€ 2943955 $3127824),,be927d03
252,Calum Chambers,eng ENG,DFMF,Aston Villa,27,£ 50000 (€ 56615 $60150),£ 2600000 (€ 2943955 $3127824),,dc6f5bdd
253,Robin Olsen,se SWE,GK,Aston Villa,32,£ 50000 (€ 56615 $60150),£ 2600000 (€ 2943955 $3127824),,e7ee38c3
254,Diego Costa,es ESP,FW,Wolves,33,£ 50000 (€ 56615 $60150),£ 2600000 (€ 2943955 $3127824),Unverified estimation,a190d597
255,Pedro Neto,pt POR,FWMF,Wolves,22,£ 50000 (€ 56615 $60150),£ 2600000 (€ 2943955 $3127824),,7ba2eaa9
256,Rúben Neves,pt POR,MF,Wolves,25,£ 50000 (€ 56615 $60150),£ 2600000 (€ 2943955 $3127824),,44bfb6c5
257,Wout Faes,be BEL,DF,Leicester City,24,£ 50000 (€ 56615 $60150),£ 2600000 (€ 2943955 $3127824),Unverified estimation,9c221d14
258,Sean Longstaff,eng ENG,MF,Newcastle Utd,24,£ 50000 (€ 56615 $60150),£ 2600000 (€ 2943955 $3127824),,a2b105e0
259,Julián Álvarez,ar ARG,FWMF,Manchester City,22,£ 50000 (€ 56615 $60150),£ 2600000 (€ 2943955 $3127824),,15ab5a2b
260,Sergio Gómez,es ESP,MFDF,Manchester City,21,£ 50000 (€ 56615 $60150),£ 2600000 (€ 2943955 $3127824),Unverified estimation,01e5f06e
261,Conor Gallagher,eng ENG,MF,Chelsea,22,£ 50000 (€ 56615 $60150),£ 2600000 (€ 2943955 $3127824),Unverified estimation,c2731c10
262,Trevoh Chalobah,eng ENG,DF,Chelsea,23,£ 50000 (€ 56615 $60150),£ 2600000 (€ 2943955 $3127824),Unverified estimation,5515376c
263,Alexis Mac Allister,ar ARG,MF,Brighton,23,£ 50000 (€ 56615 $60150),£ 2600000 (€ 2943955 $3127824),Unverified estimation,83d074ff
264,Pervis Estupiñán,ec ECU,DF,Brighton,24,£ 50000 (€ 56615 $60150),£ 2600000 (€ 2943955 $3127824),Unverified estimation,d38fdf53
265,Neal Maupay,fr FRA,FW,Everton,25,£ 50000 (€ 56615 $60150),£ 2600000 (€ 2943955 $3127824),Unverified estimation,4bcf39f6
266,Neco Williams,wls WAL,DF,Nott'ham Forest,21,£ 50000 (€ 56615 $60150),£ 2600000 (€ 2943955 $3127824),Unverified estimation,dd323728
267,Taiwo Awoniyi,ng NGA,FW,Nott'ham Forest,24,£ 50000 (€ 56615 $60150),£ 2600000 (€ 2943955 $3127824),Unverified estimation,e5478b87
268,Andreas Pereira,br BRA,MF,Fulham,26,£ 50000 (€ 56615 $60150),£ 2600000 (€ 2943955 $3127824),Unverified estimation,6639e500
269,Daniel James,wls WAL,FW,Fulham,24,£ 50000 (€ 56615 $60150),£ 2600000 (€ 2943955 $3127824),,c931d9f9
270,João Palhinha,pt POR,MF,Fulham,27,£ 50000 (€ 56615 $60150),£ 2600000 (€ 2943955 $3127824),Unverified estimation,a78ff07f
271,Kenny Tete,nl NED,DF,Fulham,26,£ 50000 (€ 56615 $60150),£ 2600000 (€ 2943955 $3127824),,77d7c96f
272,Callum Wilson,eng ENG,FW,Newcastle Utd,30,£ 46000 (€ 52085 $55338),£ 2392000 (€ 2708438 $2877598),,c596fcb0
273,Fabio Vieira,pt POR,MFFW,Arsenal,22,£ 45000 (€ 50953 $54135),£ 2340000 (€ 2649559 $2815042),,6412cc03
274,Tom Heaton,eng ENG,GK,Manchester Utd,36,£ 45000 (€ 50953 $54135),£ 2340000 (€ 2649559 $2815042),,a6de6361
275,Michael Olise,fr FRA,FWMF,Crystal Palace,20,£ 45000 (€ 50953 $54135),£ 2340000 (€ 2649559 $2815042),Unverified estimation,c4486bac
276,Jack Stephens,eng ENG,DF,Bournemouth,28,£ 45000 (€ 50953 $54135),£ 2340000 (€ 2649559 $2815042),,6adbc307
277,Brenden Aaronson,us USA,MFFW,Leeds United,21,£ 45000 (€ 50953 $54135),£ 2340000 (€ 2649559 $2815042),,5bc43860
278,Diego Llorente,es ESP,DF,Leeds United,28,£ 45000 (€ 50953 $54135),£ 2340000 (€ 2649559 $2815042),Unverified estimation,bba30585
279,Stuart Dallas,nir NIR,RB,Leeds United,31,£ 45000 (€ 50953 $54135),£ 2340000 (€ 2649559 $2815042),,67ca8566
280,Craig Dawson,eng ENG,DF,West Ham,32,£ 45000 (€ 50953 $54135),£ 2340000 (€ 2649559 $2815042),Unverified estimation,3e9e06cb
281,Keinan Davis,eng ENG,CF,Aston Villa,24,£ 45000 (€ 50953 $54135),£ 2340000 (€ 2649559 $2815042),,9deaf2c8
282,Morgan Sanson,fr FRA,MF,Aston Villa,27,£ 45000 (€ 50953 $54135),£ 2340000 (€ 2649559 $2815042),,6e7f1353
283,Ayoze Pérez,es ESP,MFFW,Leicester City,29,£ 45000 (€ 50953 $54135),£ 2340000 (€ 2649559 $2815042),,819aa8e7
284,Çağlar Söyüncü,tr TUR,DF,Leicester City,26,£ 45000 (€ 50953 $54135),£ 2340000 (€ 2649559 $2815042),,21166ff4
285,Marc Albrighton,eng ENG,FWMF,Leicester City,32,£ 45000 (€ 50953 $54135),£ 2340000 (€ 2649559 $2815042),,b827d5b3
286,Matt Ritchie,sct SCO,FWMF,Newcastle Utd,32,£ 45000 (€ 50953 $54135),£ 2340000 (€ 2649559 $2815042),,71ef519e
287,Bryan Mbeumo,cm CMR,FW,Brentford,22,£ 45000 (€ 50953 $54135),£ 2340000 (€ 2649559 $2815042),Unverified estimation,6afaebf2
288,Asmir Begović,ba BIH,GK,Everton,35,£ 45000 (€ 50953 $54135),£ 2340000 (€ 2649559 $2815042),Unverified estimation,7b4de647
289,Cheikhou Kouyaté,sn SEN,MF,Nott'ham Forest,32,£ 45000 (€ 50953 $54135),£ 2340000 (€ 2649559 $2815042),Unverified estimation,8d3c902d
290,Moussa Niakhate,sn SEN,DF,Nott'ham Forest,26,£ 45000 (€ 50953 $54135),£ 2340000 (€ 2649559 $2815042),Unverified estimation,00242715
291,Miguel Almirón,py PAR,FW,Newcastle Utd,28,£ 42000 (€ 47556 $50526),£ 2184000 (€ 2472922 $2627373),,862a1c15
292,Ryan Fraser,sct SCO,FW,Newcastle Utd,28,£ 42000 (€ 47556 $50526),£ 2184000 (€ 2472922 $2627373),,d56543a0
293,Emile Smith Rowe,eng ENG,MFFW,Arsenal,22,£ 40000 (€ 45292 $48120),£ 2080000 (€ 2355164 $2502260),,17695062
294,Rob Holding,eng ENG,DF,Arsenal,26,£ 40000 (€ 45292 $48120),£ 2080000 (€ 2355164 $2502260),,d79a8c87
295,William Saliba,fr FRA,DF,Arsenal,21,£ 40000 (€ 45292 $48120),£ 2080000 (€ 2355164 $2502260),,972aeb2a
296,Martin Dúbravka,sk SVK,GK,Manchester Utd,33,£ 40000 (€ 45292 $48120),£ 2080000 (€ 2355164 $2502260),,3a949a25
297,Duje Ćaleta-Car,hr CRO,DF,Southampton,25,£ 40000 (€ 45292 $48120),£ 2080000 (€ 2355164 $2502260),Unverified estimation,94f8d10c
298,Bryan,es ESP,MFFW,Tottenham,21,£ 40000 (€ 45292 $48120),£ 2080000 (€ 2355164 $2502260),,7b5ab7f2
299,Emerson,br BRA,DF,Tottenham,23,£ 40000 (€ 45292 $48120),£ 2080000 (€ 2355164 $2502260),,df8b52a5
300,Oliver Skipp,eng ENG,MF,Tottenham,21,£ 40000 (€ 45292 $48120),£ 2080000 (€ 2355164 $2502260),,6250083a
301,Sam Johnstone,eng ENG,GK,Crystal Palace,29,£ 40000 (€ 45292 $48120),£ 2080000 (€ 2355164 $2502260),Unverified estimation,9e5708be
302,Tyrick Mitchell,eng ENG,DF,Crystal Palace,22,£ 40000 (€ 45292 $48120),£ 2080000 (€ 2355164 $2502260),Unverified estimation,5cbd1eb0
303,Lewis Cook,eng ENG,MF,Bournemouth,25,£ 40000 (€ 45292 $48120),£ 2080000 (€ 2355164 $2502260),,2afc7272
304,Philip Billing,dk DEN,MFFW,Bournemouth,26,£ 40000 (€ 45292 $48120),£ 2080000 (€ 2355164 $2502260),,d328a254
305,Rasmus Nissen,dk DEN,DF,Leeds United,25,£ 40000 (€ 45292 $48120),£ 2080000 (€ 2355164 $2502260),Unverified estimation,39769cff
306,Robin Koch,de GER,DF,Leeds United,26,£ 40000 (€ 45292 $48120),£ 2080000 (€ 2355164 $2502260),,ea6bc03a
307,Fabio Carvalho,pt POR,MFFW,Liverpool,19,£ 40000 (€ 45292 $48120),£ 2080000 (€ 2355164 $2502260),Unverified estimation,966e28d0
308,Harvey Elliott,za RSA,RW,Liverpool,19,£ 40000 (€ 45292 $48120),£ 2080000 (€ 2355164 $2502260),Unverified estimation,b9e1436c
309,Frederic Guilbert,fr FRA,RB,Aston Villa,27,£ 40000 (€ 45292 $48120),£ 2080000 (€ 2355164 $2502260),,5d8d7454
310,Danny Ward,wls WAL,GK,Leicester City,29,£ 40000 (€ 45292 $48120),£ 2080000 (€ 2355164 $2502260),,d3ce0e89
311,Harvey Barnes,eng ENG,FWMF,Leicester City,24,£ 40000 (€ 45292 $48120),£ 2080000 (€ 2355164 $2502260),Unverified estimation,3ea50f67
312,Fabian Schär,ch SUI,DF,Newcastle Utd,30,£ 40000 (€ 45292 $48120),£ 2080000 (€ 2355164 $2502260),,c8aa95da
313,Jamaal Lascelles,eng ENG,DF,Newcastle Utd,28,£ 40000 (€ 45292 $48120),£ 2080000 (€ 2355164 $2502260),,450ab6fc
314,Armando Broja,al ALB,FW,Chelsea,20,£ 40000 (€ 45292 $48120),£ 2080000 (€ 2355164 $2502260),Unverified estimation,97220da2
315,Joël Veltman,nl NED,DF,Brighton,30,£ 40000 (€ 45292 $48120),£ 2080000 (€ 2355164 $2502260),,dad4b285
316,Leandro Trossard,be BEL,FWMF,Brighton,27,£ 40000 (€ 45292 $48120),£ 2080000 (€ 2355164 $2502260),,38ceb24a
317,Solly March,eng ENG,FWDF,Brighton,28,£ 40000 (€ 45292 $48120),£ 2080000 (€ 2355164 $2502260),Unverified estimation,bb5fbd2b
318,Andros Townsend,eng ENG,RW,Everton,31,£ 40000 (€ 45292 $48120),£ 2080000 (€ 2355164 $2502260),Unverified estimation,b28bbd58
319,Emmanuel Dennis,ng NGA,FWMF,Nott'ham Forest,24,£ 40000 (€ 45292 $48120),£ 2080000 (€ 2355164 $2502260),Unverified estimation,2c44a35d
320,Remo Freuler,ch SUI,MF,Nott'ham Forest,30,£ 40000 (€ 45292 $48120),£ 2080000 (€ 2355164 $2502260),Unverified estimation,98d2c2c4
321,Willy Boly,ci CIV,DF,Nott'ham Forest,31,£ 40000 (€ 45292 $48120),£ 2080000 (€ 2355164 $2502260),Unverified estimation,a4ac4b8f
322,Carlos Vinícius,br BRA,FW,Fulham,27,£ 40000 (€ 45292 $48120),£ 2080000 (€ 2355164 $2502260),Unverified estimation,8b529245
323,Kevin Mbabu,ch SUI,DFFW,Fulham,27,£ 40000 (€ 45292 $48120),£ 2080000 (€ 2355164 $2502260),,493924a7
324,Shane Duffy,ie IRL,DFFW,Fulham,30,£ 40000 (€ 45292 $48120),£ 2080000 (€ 2355164 $2502260),,7314bba4
325,Tosin Adarabioyo,eng ENG,DF,Fulham,24,£ 40000 (€ 45292 $48120),£ 2080000 (€ 2355164 $2502260),,c81d773d
326,Willian,br BRA,FW,Fulham,33,£ 40000 (€ 45292 $48120),£ 2080000 (€ 2355164 $2502260),,8b9ebd03
327,Jamal Lewis,nir NIR,DF,Newcastle Utd,24,£ 38000 (€ 43027 $45714),£ 1976000 (€ 2237406 $2377147),,efb9215a
328,Matt Turner,us USA,GK,Arsenal,28,£ 35000 (€ 39630 $42105),£ 1820000 (€ 2060768 $2189477),,4a51ba65
329,Ainsley Maitland-Niles,eng ENG,DFMF,Southampton,24,£ 35000 (€ 39630 $42105),£ 1820000 (€ 2060768 $2189477),,e3a5814e
330,Lyanco,br BRA,DF,Southampton,25,£ 35000 (€ 39630 $42105),£ 1820000 (€ 2060768 $2189477),Unverified estimation,b5bf1770
331,Jack Butland,eng ENG,GK,Crystal Palace,29,£ 35000 (€ 39630 $42105),£ 1820000 (€ 2060768 $2189477),Unverified estimation,cc70a1d5
332,Joel Ward,eng ENG,DF,Crystal Palace,32,£ 35000 (€ 39630 $42105),£ 1820000 (€ 2060768 $2189477),,8a7ff278
333,Jordan Ayew,gh GHA,FWMF,Crystal Palace,30,£ 35000 (€ 39630 $42105),£ 1820000 (€ 2060768 $2189477),,da052c14
334,Will Hughes,eng ENG,MF,Crystal Palace,27,£ 35000 (€ 39630 $42105),£ 1820000 (€ 2060768 $2189477),Unverified estimation,a0666d3e
335,Adam Smith,eng ENG,DF,Bournemouth,31,£ 35000 (€ 39630 $42105),£ 1820000 (€ 2060768 $2189477),,20b104bc
336,Chris Mepham,wls WAL,DF,Bournemouth,24,£ 35000 (€ 39630 $42105),£ 1820000 (€ 2060768 $2189477),Unverified estimation,fed96827
337,Junior Stanislas,eng ENG,MF,Bournemouth,32,£ 35000 (€ 39630 $42105),£ 1820000 (€ 2060768 $2189477),,6992791d
338,Ryan Fredericks,eng ENG,DF,Bournemouth,29,£ 35000 (€ 39630 $42105),£ 1820000 (€ 2060768 $2189477),Unverified estimation,c067631c
339,Darren Randolph,ie IRL,GK,West Ham,35,£ 35000 (€ 39630 $42105),£ 1820000 (€ 2060768 $2189477),,6385ebfb
340,Vladimír Coufal,cz CZE,DF,West Ham,29,£ 35000 (€ 39630 $42105),£ 1820000 (€ 2060768 $2189477),,fdf3cb77
341,Jonny Castro,es ESP,DF,Wolves,28,£ 35000 (€ 39630 $42105),£ 1820000 (€ 2060768 $2189477),Unverified estimation,e28868f3
342,Sasa Kalajdzic,at AUT,FW,Wolves,25,£ 35000 (€ 39630 $42105),£ 1820000 (€ 2060768 $2189477),Unverified estimation,15f24fe7
343,Youri Tielemans,be BEL,MF,Leicester City,25,£ 35000 (€ 39630 $42105),£ 1820000 (€ 2060768 $2189477),,56f7a928
344,Dan Burn,eng ENG,DF,Newcastle Utd,30,£ 35000 (€ 39630 $42105),£ 1820000 (€ 2060768 $2189477),Unverified estimation,b2d31e83
345,Jacob Murphy,eng ENG,FW,Newcastle Utd,27,£ 35000 (€ 39630 $42105),£ 1820000 (€ 2060768 $2189477),Unverified estimation,de112b84
346,Javier Manquillo,es ESP,DF,Newcastle Utd,28,£ 35000 (€ 39630 $42105),£ 1820000 (€ 2060768 $2189477),,758dd7f0
347,Paul Dummett,wls WAL,LB,Newcastle Utd,30,£ 35000 (€ 39630 $42105),£ 1820000 (€ 2060768 $2189477),,3fe6bd8c
348,Christian Nørgaard,dk DEN,MF,Brentford,28,£ 35000 (€ 39630 $42105),£ 1820000 (€ 2060768 $2189477),Unverified estimation,df0a4c90
349,Keane Lewis-Potter,eng ENG,FWMF,Brentford,21,£ 35000 (€ 39630 $42105),£ 1820000 (€ 2060768 $2189477),Unverified estimation,41f08ac8
350,Kristoffer Ajer,no NOR,DF,Brentford,24,£ 35000 (€ 39630 $42105),£ 1820000 (€ 2060768 $2189477),Unverified estimation,a8c0acb7
351,Rico Henry,eng ENG,DF,Brentford,25,£ 35000 (€ 39630 $42105),£ 1820000 (€ 2060768 $2189477),Unverified estimation,8a3c1dc7
352,Marcus Bettinelli,eng ENG,GK,Chelsea,30,£ 35000 (€ 39630 $42105),£ 1820000 (€ 2060768 $2189477),,0d85a4e8
353,Tariq Lamptey,gh GHA,DF,Brighton,21,£ 35000 (€ 39630 $42105),£ 1820000 (€ 2060768 $2189477),,f4e433d4
354,Serge Aurier,ci CIV,DF,Nott'ham Forest,29,£ 35000 (€ 39630 $42105),£ 1820000 (€ 2060768 $2189477),Unverified estimation,5c2b4f07
355,Bobby Reid,jm JAM,FWDF,Fulham,29,£ 35000 (€ 39630 $42105),£ 1820000 (€ 2060768 $2189477),,0f7533cd
356,Harry Wilson,wls WAL,FW,Fulham,25,£ 35000 (€ 39630 $42105),£ 1820000 (€ 2060768 $2189477),Unverified estimation,c6dc9ecd
357,Nathaniel Chalobah,eng ENG,MF,Fulham,27,£ 35000 (€ 39630 $42105),£ 1820000 (€ 2060768 $2189477),,422862ea
358,Marquinhos,br BRA,MF,Arsenal,19,£ 30000 (€ 33969 $36090),£ 1560000 (€ 1766373 $1876695),Unverified estimation,59878425
359,Che Adams,sct SCO,FW,Southampton,26,£ 30000 (€ 33969 $36090),£ 1560000 (€ 1766373 $1876695),,f2bf1b0f
360,Romain Perraud,fr FRA,DF,Southampton,24,£ 30000 (€ 33969 $36090),£ 1560000 (€ 1766373 $1876695),Unverified estimation,6dfd8f05
361,Eberechi Eze,eng ENG,MFFW,Crystal Palace,24,£ 30000 (€ 33969 $36090),£ 1560000 (€ 1766373 $1876695),,ae4fc6a4
362,Jack Stacey,eng ENG,DF,Bournemouth,26,£ 30000 (€ 33969 $36090),£ 1560000 (€ 1766373 $1876695),,558807c0
363,Lloyd Kelly,eng ENG,DF,Bournemouth,23,£ 30000 (€ 33969 $36090),£ 1560000 (€ 1766373 $1876695),,f31def1e
364,Ryan Christie,sct SCO,MFFW,Bournemouth,27,£ 30000 (€ 33969 $36090),£ 1560000 (€ 1766373 $1876695),Unverified estimation,26ce2263
365,Illan Meslier,fr FRA,GK,Leeds United,22,£ 30000 (€ 33969 $36090),£ 1560000 (€ 1766373 $1876695),Unverified estimation,6b625ac2
366,Sam Greenwood,eng ENG,MFFW,Leeds United,20,£ 30000 (€ 33969 $36090),£ 1560000 (€ 1766373 $1876695),Unverified estimation,f3354c07
367,Ezri Konsa,eng ENG,DF,Aston Villa,24,£ 30000 (€ 33969 $36090),£ 1560000 (€ 1766373 $1876695),,0313a347
368,Marvelous Nakamba,zw ZIM,DM,Aston Villa,28,£ 30000 (€ 33969 $36090),£ 1560000 (€ 1766373 $1876695),,de5b5570
369,Hwang Hee-chan,kr KOR,FWMF,Wolves,26,£ 30000 (€ 33969 $36090),£ 1560000 (€ 1766373 $1876695),Unverified estimation,169fd162
370,Alex Smithies,eng ENG,GK,Leicester City,32,£ 30000 (€ 33969 $36090),£ 1560000 (€ 1766373 $1876695),Unverified estimation,bb91617c
371,James Justin,eng ENG,DF,Leicester City,24,£ 30000 (€ 33969 $36090),£ 1560000 (€ 1766373 $1876695),,fb614c44
372,Elliot Anderson,sct SCO,MFFW,Newcastle Utd,19,£ 30000 (€ 33969 $36090),£ 1560000 (€ 1766373 $1876695),,de31038e
373,Karl Darlow,eng ENG,GK,Newcastle Utd,31,£ 30000 (€ 33969 $36090),£ 1560000 (€ 1766373 $1876695),,cde3309f
374,Scott Carson,eng ENG,GK,Manchester City,36,£ 30000 (€ 33969 $36090),£ 1560000 (€ 1766373 $1876695),Unverified estimation,3e1550ee
375,Aaron Hickey,sct SCO,DF,Brentford,20,£ 30000 (€ 33969 $36090),£ 1560000 (€ 1766373 $1876695),Unverified estimation,1780bb4a
376,Mikkel Damsgaard,dk DEN,MFFW,Brentford,22,£ 30000 (€ 33969 $36090),£ 1560000 (€ 1766373 $1876695),Unverified estimation,215f3907
377,Vitaly Janelt,de GER,MFDF,Brentford,24,£ 30000 (€ 33969 $36090),£ 1560000 (€ 1766373 $1876695),Unverified estimation,8449d35e
378,James Garner,eng ENG,MF,Everton,21,£ 30000 (€ 33969 $36090),£ 1560000 (€ 1766373 $1876695),Unverified estimation,4e015693
379,Brennan Johnson,wls WAL,FWMF,Nott'ham Forest,21,£ 30000 (€ 33969 $36090),£ 1560000 (€ 1766373 $1876695),Unverified estimation,0cd31129
380,Omar Richards,eng ENG,LB,Nott'ham Forest,24,£ 30000 (€ 33969 $36090),£ 1560000 (€ 1766373 $1876695),Unverified estimation,f9b1b7bf
381,Orel Mangala,be BEL,MF,Nott'ham Forest,24,£ 30000 (€ 33969 $36090),£ 1560000 (€ 1766373 $1876695),Unverified estimation,a572e291
382,Steve Cook,eng ENG,DF,Nott'ham Forest,31,£ 30000 (€ 33969 $36090),£ 1560000 (€ 1766373 $1876695),Unverified estimation,3e5e4e63
383,Harrison Reed,eng ENG,MF,Fulham,27,£ 30000 (€ 33969 $36090),£ 1560000 (€ 1766373 $1876695),Unverified estimation,803ae100
384,Josh Onomah,eng ENG,MF,Fulham,25,£ 30000 (€ 33969 $36090),£ 1560000 (€ 1766373 $1876695),,6612cd8c
385,Neeskens Kebano,cd COD,FW,Fulham,30,£ 30000 (€ 33969 $36090),£ 1560000 (€ 1766373 $1876695),,18b999f4
386,Tim Ream,us USA,DF,Fulham,34,£ 30000 (€ 33969 $36090),£ 1560000 (€ 1766373 $1876695),Unverified estimation,28b40c9c
387,Tom Cairney,sct SCO,MF,Fulham,31,£ 30000 (€ 33969 $36090),£ 1560000 (€ 1766373 $1876695),,a8748947
388,Nathan Patterson,sct SCO,DFMF,Everton,20,£ 28000 (€ 31704 $33684),£ 1456000 (€ 1648615 $1751582),,230f0471
389,Diogo Dalot,pt POR,DF,Manchester Utd,23,£ 25000 (€ 28307 $30075),£ 1300000 (€ 1471977 $1563912),,d9565625
390,Mohammed Salisu,gh GHA,DF,Southampton,23,£ 25000 (€ 28307 $30075),£ 1300000 (€ 1471977 $1563912),,0b33f6ad
391,Roméo Lavia,,DM,Southampton,18,£ 25000 (€ 28307 $30075),£ 1300000 (€ 1471977 $1563912),Unverified estimation,-9999
392,Sekou Mara,fr FRA,FWMF,Southampton,20,£ 25000 (€ 28307 $30075),£ 1300000 (€ 1471977 $1563912),Unverified estimation,3544641e
393,Djed Spence,eng ENG,FWDF,Tottenham,21,£ 25000 (€ 28307 $30075),£ 1300000 (€ 1471977 $1563912),Unverified estimation,9bc9a519
394,Japhet Tanganga,eng ENG,DF,Tottenham,23,£ 25000 (€ 28307 $30075),£ 1300000 (€ 1471977 $1563912),,e9971f2d
395,Nathan Ferguson,eng ENG,CB,Crystal Palace,21,£ 25000 (€ 28307 $30075),£ 1300000 (€ 1471977 $1563912),,2f8d27bc
396,Liam Cooper,sct SCO,DF,Leeds United,30,£ 25000 (€ 28307 $30075),£ 1300000 (€ 1471977 $1563912),,dc64b8b3
397,Mateusz Klich,pl POL,MFFW,Leeds United,32,£ 25000 (€ 28307 $30075),£ 1300000 (€ 1471977 $1563912),Unverified estimation,282679b4
398,Flynn Downes,eng ENG,MF,West Ham,23,£ 25000 (€ 28307 $30075),£ 1300000 (€ 1471977 $1563912),Unverified estimation,69fdb896
399,José Sá,pt POR,GK,Wolves,29,£ 25000 (€ 28307 $30075),£ 1300000 (€ 1471977 $1563912),,903b6e8b
400,David Raya,es ESP,GK,Brentford,26,£ 25000 (€ 28307 $30075),£ 1300000 (€ 1471977 $1563912),,98ea5115
401,Frank Onyeka,ng NGA,MF,Brentford,24,£ 25000 (€ 28307 $30075),£ 1300000 (€ 1471977 $1563912),Unverified estimation,2944f86f
402,Pontus Jansson,se SWE,DF,Brentford,31,£ 25000 (€ 28307 $30075),£ 1300000 (€ 1471977 $1563912),,172e52d8
403,Sergi Canós,es ESP,FWDF,Brentford,25,£ 25000 (€ 28307 $30075),£ 1300000 (€ 1471977 $1563912),Unverified estimation,1137759d
404,Thomas Strakosha,al ALB,GK,Brentford,27,£ 25000 (€ 28307 $30075),£ 1300000 (€ 1471977 $1563912),Unverified estimation,339fe0e8
405,Robert Sánchez,es ESP,GK,Brighton,24,£ 25000 (€ 28307 $30075),£ 1300000 (€ 1471977 $1563912),,6a713852
406,Demarai Gray,eng ENG,FWMF,Everton,26,£ 25000 (€ 28307 $30075),£ 1300000 (€ 1471977 $1563912),Unverified estimation,4468ec10
407,Dwight McNeil,eng ENG,FWMF,Everton,22,£ 25000 (€ 28307 $30075),£ 1300000 (€ 1471977 $1563912),Unverified estimation,fc15fb84
408,Rúben Vinagre,pt POR,DFMF,Everton,23,£ 25000 (€ 28307 $30075),£ 1300000 (€ 1471977 $1563912),,b937e490
409,Tom Davies,eng ENG,MF,Everton,24,£ 25000 (€ 28307 $30075),£ 1300000 (€ 1471977 $1563912),,9228b07c
410,Loïc Bade,fr FRA,CB,Nott'ham Forest,22,£ 25000 (€ 28307 $30075),£ 1300000 (€ 1471977 $1563912),Unverified estimation,114bbdee
411,Ryan Yates,eng ENG,MF,Nott'ham Forest,24,£ 25000 (€ 28307 $30075),£ 1300000 (€ 1471977 $1563912),,c1fe2a48
412,Antonee Robinson,us USA,DF,Fulham,24,£ 25000 (€ 28307 $30075),£ 1300000 (€ 1471977 $1563912),,289601e6
413,Facundo Pellistri,uy URU,FWMF,Manchester Utd,20,£ 20000 (€ 22646 $24060),£ 1040000 (€ 1177582 $1251130),,ac7e7b1c
414,Gavin Bazunu,ie IRL,GK,Southampton,20,£ 20000 (€ 22646 $24060),£ 1040000 (€ 1177582 $1251130),Unverified estimation,c91441dc
415,Kyle Walker-Peters,eng ENG,DF,Southampton,25,£ 20000 (€ 22646 $24060),£ 1040000 (€ 1177582 $1251130),,984a5a64
416,Willy Caballero,ar ARG,GK,Southampton,40,£ 20000 (€ 22646 $24060),£ 1040000 (€ 1177582 $1251130),Unverified estimation,a179d516
417,Marcus Tavernier,eng ENG,MFFW,Bournemouth,23,£ 20000 (€ 22646 $24060),£ 1040000 (€ 1177582 $1251130),Unverified estimation,5c0da4a4
418,Mark Travers,ie IRL,GK,Bournemouth,23,£ 20000 (€ 22646 $24060),£ 1040000 (€ 1177582 $1251130),Unverified estimation,fe558029
419,Adam Forshaw,eng ENG,MF,Leeds United,30,£ 20000 (€ 22646 $24060),£ 1040000 (€ 1177582 $1251130),,9f1938ab
420,Joel Robles,es ESP,GK,Leeds United,32,£ 20000 (€ 22646 $24060),£ 1040000 (€ 1177582 $1251130),Unverified estimation,cda0b317
421,Luke Ayling,eng ENG,DF,Leeds United,30,£ 20000 (€ 22646 $24060),£ 1040000 (€ 1177582 $1251130),Unverified estimation,420d7c7d
422,Degnand Gnonto,it ITA,FWMF,Leeds United,18,£ 20000 (€ 22646 $24060),£ 1040000 (€ 1177582 $1251130),Unverified estimation,75fdd638
423,Ben Johnson,eng ENG,DF,West Ham,22,£ 20000 (€ 22646 $24060),£ 1040000 (€ 1177582 $1251130),,9319781b
424,Cameron Archer,eng ENG,FWMF,Aston Villa,21,£ 20000 (€ 22646 $24060),£ 1040000 (€ 1177582 $1251130),Unverified estimation,05e8ca6d
425,Jed Steer,eng ENG,GK,Aston Villa,29,£ 20000 (€ 22646 $24060),£ 1040000 (€ 1177582 $1251130),,a8a3d139
426,Ludwig Augustinsson,se SWE,DF,Aston Villa,28,£ 20000 (€ 22646 $24060),£ 1040000 (€ 1177582 $1251130),Unverified estimation,9fec8860
427,Léo Bonatini,br BRA,CF,Wolves,28,£ 20000 (€ 22646 $24060),£ 1040000 (€ 1177582 $1251130),Unverified estimation,da23d58d
428,Nathan Collins,ie IRL,DF,Wolves,21,£ 20000 (€ 22646 $24060),£ 1040000 (€ 1177582 $1251130),Unverified estimation,a8c19eb8
429,Daniel Amartey,gh GHA,DF,Leicester City,27,£ 20000 (€ 22646 $24060),£ 1040000 (€ 1177582 $1251130),,1a4ef233
430,Daniel Iversen,dk DEN,GK,Leicester City,25,£ 20000 (€ 22646 $24060),£ 1040000 (€ 1177582 $1251130),Unverified estimation,10d221cd
431,Kiernan Dewsbury-Hall,eng ENG,MF,Leicester City,23,£ 20000 (€ 22646 $24060),£ 1040000 (€ 1177582 $1251130),Unverified estimation,5c74c0f5
432,Loris Karius,de GER,GK,Newcastle Utd,29,£ 20000 (€ 22646 $24060),£ 1040000 (€ 1177582 $1251130),Unverified estimation,32e7ce92
433,Cole Palmer,eng ENG,FWMF,Manchester City,20,£ 20000 (€ 22646 $24060),£ 1040000 (€ 1177582 $1251130),Unverified estimation,dc7f8a28
434,Ivan Toney,eng ENG,FW,Brentford,26,£ 20000 (€ 22646 $24060),£ 1040000 (€ 1177582 $1251130),,e09f279b
435,Josh Dasilva,eng ENG,MF,Brentford,23,£ 20000 (€ 22646 $24060),£ 1040000 (€ 1177582 $1251130),,60344e4f
436,Mathias Jensen,dk DEN,MF,Brentford,26,£ 20000 (€ 22646 $24060),£ 1040000 (€ 1177582 $1251130),,0f134faf
437,Yoane Wissa,cd COD,FW,Brentford,25,£ 20000 (€ 22646 $24060),£ 1040000 (€ 1177582 $1251130),Unverified estimation,2500cef9
438,Mathias Jørgensen,dk DEN,DF,Brentford,32,£ 20000 (€ 22646 $24060),£ 1040000 (€ 1177582 $1251130),Unverified estimation,0db5d2c8
439,Billy Gilmour,sct SCO,MF,Brighton,21,£ 20000 (€ 22646 $24060),£ 1040000 (€ 1177582 $1251130),Unverified estimation,df10e27c
440,Deniz Undav,de GER,FWMF,Brighton,26,£ 20000 (€ 22646 $24060),£ 1040000 (€ 1177582 $1251130),Unverified estimation,dd549382
441,Jason Steele,eng ENG,GK,Brighton,31,£ 20000 (€ 22646 $24060),£ 1040000 (€ 1177582 $1251130),,28300a16
442,Giulian Biancone,fr FRA,DF,Nott'ham Forest,22,£ 20000 (€ 22646 $24060),£ 1040000 (€ 1177582 $1251130),Unverified estimation,de40e38c
443,Harry Arter,ie IRL,CM,Nott'ham Forest,32,£ 20000 (€ 22646 $24060),£ 1040000 (€ 1177582 $1251130),Unverified estimation,2f4c5a52
444,Lyle Taylor,ms MSR,CF,Nott'ham Forest,32,£ 20000 (€ 22646 $24060),£ 1040000 (€ 1177582 $1251130),,3e80e04e
445,Scott McKenna,sct SCO,DF,Nott'ham Forest,25,£ 20000 (€ 22646 $24060),£ 1040000 (€ 1177582 $1251130),,4e5a4cbc
446,Manor Solomon,il ISR,FW,Fulham,23,£ 20000 (€ 22646 $24060),£ 1040000 (€ 1177582 $1251130),Unverified estimation,886f9aac
447,Reiss Nelson,eng ENG,FW,Arsenal,22,£ 15000 (€ 16984 $18045),£ 780000 (€ 883186 $938347),,c5bdb6e3
448,Armel Bella Kotchap,de GER,DF,Southampton,20,£ 15000 (€ 16984 $18045),£ 780000 (€ 883186 $938347),Unverified estimation,a39d11bc
449,Juan Larios,,LB,Southampton,18,£ 15000 (€ 16984 $18045),£ 780000 (€ 883186 $938347),Unverified estimation,-9999
450,Samuel Edozie,,LW,Southampton,19,£ 15000 (€ 16984 $18045),£ 780000 (€ 883186 $938347),Unverified estimation,-9999
451,Emiliano Marcondes,dk DEN,MF,Bournemouth,27,£ 15000 (€ 16984 $18045),£ 780000 (€ 883186 $938347),Unverified estimation,4d960fc3
452,Kieffer Moore,wls WAL,FW,Bournemouth,29,£ 15000 (€ 16984 $18045),£ 780000 (€ 883186 $938347),Unverified estimation,01ce9e70
453,Crysencio Summerville,nl NED,FW,Leeds United,20,£ 15000 (€ 16984 $18045),£ 780000 (€ 883186 $938347),Unverified estimation,df04eb4b
454,Joe Gelhardt,eng ENG,FW,Leeds United,20,£ 15000 (€ 16984 $18045),£ 780000 (€ 883186 $938347),,01962d0d
455,Calvin Ramsay,sct SCO,RB,Liverpool,19,£ 15000 (€ 16984 $18045),£ 780000 (€ 883186 $938347),,d720e834
456,Curtis Jones,eng ENG,MF,Liverpool,21,£ 15000 (€ 16984 $18045),£ 780000 (€ 883186 $938347),Unverified estimation,4fb9c88f
457,Max Kilman,eng ENG,DF,Wolves,25,£ 15000 (€ 16984 $18045),£ 780000 (€ 883186 $938347),,d0f72bf1
458,Ethan Pinnock,jm JAM,DF,Brentford,29,£ 15000 (€ 16984 $18045),£ 780000 (€ 883186 $938347),,e541326e
459,Saman Ghoddos,ir IRN,MFFW,Brentford,28,£ 15000 (€ 16984 $18045),£ 780000 (€ 883186 $938347),,f7b1d4e0
460,Shandon Baptiste,gd GRN,MF,Brentford,24,£ 15000 (€ 16984 $18045),£ 780000 (€ 883186 $938347),Unverified estimation,2886c9b5
461,Moisés Caicedo,ec ECU,MF,Brighton,20,£ 15000 (€ 16984 $18045),£ 780000 (€ 883186 $938347),,16264a81
462,Harry Toffolo,eng ENG,DF,Nott'ham Forest,26,£ 15000 (€ 16984 $18045),£ 780000 (€ 883186 $938347),Unverified estimation,a105d46a
463,Jack Colback,eng ENG,MF,Nott'ham Forest,32,£ 15000 (€ 16984 $18045),£ 780000 (€ 883186 $938347),,963a9201
464,Joe Worrall,eng ENG,DF,Nott'ham Forest,25,£ 15000 (€ 16984 $18045),£ 780000 (€ 883186 $938347),,a5212312
465,Lewis O'Brien,eng ENG,MF,Nott'ham Forest,23,£ 15000 (€ 16984 $18045),£ 780000 (€ 883186 $938347),Unverified estimation,089667a5
466,Sam Surridge,eng ENG,FW,Nott'ham Forest,24,£ 15000 (€ 16984 $18045),£ 780000 (€ 883186 $938347),Unverified estimation,b017b770
467,Wayne Hennessey,wls WAL,GK,Nott'ham Forest,35,£ 15000 (€ 16984 $18045),£ 780000 (€ 883186 $938347),Unverified estimation,76eca7e2
468,Marek Rodák,sk SVK,GK,Fulham,25,£ 15000 (€ 16984 $18045),£ 780000 (€ 883186 $938347),Unverified estimation,17acc2ed
469,Jamal Lowe,jm JAM,MFFW,Bournemouth,28,£ 12000 (€ 13587 $14436),£ 624000 (€ 706549 $750678),Unverified estimation,b2856bc0
470,Malcolm Ebiowei,eng ENG,MFFW,Crystal Palace,18,£ 10000 (€ 11323 $12030),£ 520000 (€ 588791 $625565),Unverified estimation,fa9fa773
471,Jaidon Anthony,eng ENG,MFFW,Bournemouth,22,£ 10000 (€ 11323 $12030),£ 520000 (€ 588791 $625565),,e4238fb1
472,Kristoffer Klaesson,no NOR,GK,Leeds United,21,£ 10000 (€ 11323 $12030),£ 520000 (€ 588791 $625565),Unverified estimation,3f70db80
473,Caoimhín Kelleher,ie IRL,GK,Liverpool,23,£ 10000 (€ 11323 $12030),£ 520000 (€ 588791 $625565),Unverified estimation,62d7ef38
474,Chiquinho,pt POR,LW,Wolves,22,£ 10000 (€ 11323 $12030),£ 520000 (€ 588791 $625565),Unverified estimation,dc6c2f02
475,Matija Šarkić,me MNE,GK,Wolves,25,£ 10000 (€ 11323 $12030),£ 520000 (€ 588791 $625565),Unverified estimation,a89e7b29
476,Rayan Aït Nouri,dz ALG,DF,Wolves,21,£ 10000 (€ 11323 $12030),£ 520000 (€ 588791 $625565),Unverified estimation,9b398aea
477,Luke Thomas,eng ENG,DF,Leicester City,21,£ 10000 (€ 11323 $12030),£ 520000 (€ 588791 $625565),,fc027d02
478,Mark Gillespie,eng ENG,GK,Newcastle Utd,30,£ 10000 (€ 11323 $12030),£ 520000 (€ 588791 $625565),,e32958b7
479,Mads Roerslev,dk DEN,DF,Brentford,23,£ 10000 (€ 11323 $12030),£ 520000 (€ 588791 $625565),Unverified estimation,57c94db2
480,Jakub Moder,pl POL,CM,Brighton,23,£ 10000 (€ 11323 $12030),£ 520000 (€ 588791 $625565),,f230bc30
481,Jeremy Sarmiento,ec ECU,MF,Brighton,20,£ 10000 (€ 11323 $12030),£ 520000 (€ 588791 $625565),Unverified estimation,ac0d576d
482,Julio César Enciso,py PAR,FWMF,Brighton,18,£ 10000 (€ 11323 $12030),£ 520000 (€ 588791 $625565),Unverified estimation,9cfbad36
483,Kaoru Mitoma,jp JPN,FWMF,Brighton,25,£ 10000 (€ 11323 $12030),£ 520000 (€ 588791 $625565),Unverified estimation,74618572
484,Andy Lonergan,ie IRL,GK,Everton,38,£ 10000 (€ 11323 $12030),£ 520000 (€ 588791 $625565),Unverified estimation,165cf989
485,Anthony Gordon,eng ENG,FW,Everton,21,£ 10000 (€ 11323 $12030),£ 520000 (€ 588791 $625565),,2bd83368
486,Cafú,pt POR,MF,Nott'ham Forest,29,£ 10000 (€ 11323 $12030),£ 520000 (€ 588791 $625565),,85322440
487,Loïc Mbe Soh,fr FRA,CB,Nott'ham Forest,21,£ 10000 (€ 11323 $12030),£ 520000 (€ 588791 $625565),Unverified estimation,8f534f8e
488,Valentino Livramento,eng ENG,DF,Southampton,19,£ 8000 (€ 9058 $9624),£ 416000 (€ 471033 $500452),Unverified estimation,afed6722
489,Ben Pearson,eng ENG,MF,Bournemouth,27,£ 8000 (€ 9058 $9624),£ 416000 (€ 471033 $500452),,a6b461e7
490,Joe Rothwell,eng ENG,MF,Bournemouth,27,£ 8000 (€ 9058 $9624),£ 416000 (€ 471033 $500452),Unverified estimation,10a10454
491,Jordan Zemura,zw ZIM,DF,Bournemouth,22,£ 8000 (€ 9058 $9624),£ 416000 (€ 471033 $500452),Unverified estimation,e8271ad9
492,Siriki Dembélé,ci CIV,FWMF,Bournemouth,25,£ 8000 (€ 9058 $9624),£ 416000 (€ 471033 $500452),Unverified estimation,11f54bd5
493,Yerson Mosquera,co COL,CB,Wolves,21,£ 8000 (€ 9058 $9624),£ 416000 (€ 471033 $500452),Unverified estimation,1e159d70
494,Charlie Goode,eng ENG,CB,Brentford,26,£ 8000 (€ 9058 $9624),£ 416000 (€ 471033 $500452),,7aee4dd3
495,Alejandro Garnacho,,LW,Manchester Utd,18,£ 5000 (€ 5661 $6015),£ 260000 (€ 294395 $312782),Unverified estimation,-9999
496,Anthony Elanga,se SWE,FW,Manchester Utd,20,£ 5000 (€ 5661 $6015),£ 260000 (€ 294395 $312782),,2fba6108
497,Shola Shoretire,eng ENG,RW,Manchester Utd,18,£ 5000 (€ 5661 $6015),£ 260000 (€ 294395 $312782),Unverified estimation,00f0482f
498,Teden Mengi,eng ENG,CB,Manchester Utd,20,£ 5000 (€ 5661 $6015),£ 260000 (€ 294395 $312782),Unverified estimation,91748070
499,Brandon Austin,eng ENG,GK,Tottenham,23,£ 5000 (€ 5661 $6015),£ 260000 (€ 294395 $312782),Unverified estimation,5e253986
500,Conor Coventry,ie IRL,MFFW,West Ham,22,£ 5000 (€ 5661 $6015),£ 260000 (€ 294395 $312782),Unverified estimation,a5ca9127
501,Boubacar Traoré,ml MLI,MF,Wolves,20,£ 5000 (€ 5661 $6015),£ 260000 (€ 294395 $312782),Unverified estimation,999ceb5f
502,Toti Gomes,pt POR,DF,Wolves,23,£ 5000 (€ 5661 $6015),£ 260000 (€ 294395 $312782),Unverified estimation,f0caab96
503,Jan Paul van Hecke,nl NED,DF,Brighton,22,£ 5000 (€ 5661 $6015),£ 260000 (€ 294395 $312782),Unverified estimation,4fd08daa
504,Levi Colwill,eng ENG,DF,Brighton,19,£ 5000 (€ 5661 $6015),£ 260000 (€ 294395 $312782),Unverified estimation,700783e7
505,Eldin Jakupović,ch SUI,GK,Everton,37,£ 5000 (€ 5661 $6015),£ 260000 (€ 294395 $312782),Unverified estimation,1148323a
506,James Hill,eng ENG,CB,Bournemouth,20,£ 3000 (€ 3397 $3609),£ 156000 (€ 176637 $187669),Unverified estimation,69942fb3
507,Connor Ronan,ie IRL,MF,Wolves,24,£ 3000 (€ 3397 $3609),£ 156000 (€ 176637 $187669),Unverified estimation,1b804500
508,Evan Ferguson,ie IRL,FW,Brighton,17,£ 3000 (€ 3397 $3609),£ 156000 (€ 176637 $187669),Unverified estimation,4596da74
509,Cody Drameh,eng ENG,DF,Leeds United,20,£ 2500 (€ 2831 $3008),£ 130000 (€ 147198 $156391),Unverified estimation,e0d1510a
510,Chem Campbell,,AM,Wolves,19,£ 2500 (€ 2831 $3008),£ 130000 (€ 147198 $156391),Unverified estimation,-9999
511,Jordan Smith,eng ENG,GK,Nott'ham Forest,27,£ 2500 (€ 2831 $3008),£ 130000 (€ 147198 $156391),,cfca9c4e
512,Will Dennis,eng ENG,GK,Bournemouth,22,£ 2000 (€ 2265 $2406),£ 104000 (€ 117758 $125113),,d8edc4be
513,Leo Fuhr Hjelde,no NOR,LB,Leeds United,18,£ 2000 (€ 2265 $2406),£ 104000 (€ 117758 $125113),Unverified estimation,d102b8a2